[
    {
        "header": "",
        "items": [
            {
                "text": "Dashboard",
                "icon": "bx bx-home",
                "available": true,
                "link": "/"
            },
            {
                "text": "Layouts",
                "icon": "bx bx-layout",
                "available": true,
                "link": "/ui",
                "submenu": [
                    {
                        "text": "Without menu",
                        "available": true,
                        "link": "/layout/without-menu"
                    },
                    {
                        "text": "Without navbar",
                        "available": true,
                        "link": "/layout/without-navbar"
                    },
                    {
                        "text": "Container",
                        "available": true,
                        "link": "/layout/container"
                    },
                    {
                        "text": "Fluid",
                        "available": true,
                        "link": "/layout/fluid"
                    },
                    {
                        "text": "Blank",
                        "available": true,
                        "link": "/layout/blank"
                    }
                ]
            },
            {
                "text": "Front Pages",
                "icon": "bx bx-store",
                "available": false,
                "link": "",
                "submenu": [
                    {
                        "text": "Landing",
                        "available": true,
                        "link": "https://demos.themeselection.com/sneat-bootstrap-html-admin-template/html/front-pages/landing-page.html"
                    },
                    {
                        "text": "Pricing",
                        "available": true,
                        "link": "https://demos.themeselection.com/sneat-bootstrap-html-admin-template/html/front-pages/pricing-page.html"
                    },
                    {
                        "text": "Payment",
                        "available": true,
                        "link": "https://demos.themeselection.com/sneat-bootstrap-html-admin-template/html/front-pages/payment-page.html"
                    },
                    {
                        "text": "Checkout",
                        "available": true,
                        "link": "https://demos.themeselection.com/sneat-bootstrap-html-admin-template/html/front-pages/checkput-page.html"
                    },
                    {
                        "text": "Help Center",
                        "available": true,
                        "link": "https://demos.themeselection.com/sneat-bootstrap-html-admin-template/html/front-pages/help-center-landing.html"
                    }
                ]
            }
        ]
    },
    {
        "header": "APPS & PAGES",
        "items": [
            {
                "text": "Email",
                "icon": "bx bx-envelope",
                "available": false,
                "link": "https://demos.themeselection.com/sneat-bootstrap-html-admin-template/html/vertical-menu-template/app-email.html"
            },
            {
                "text": "Chat",
                "icon": "bx bx-chat",
                "available": false,
                "link": "https://demos.themeselection.com/sneat-bootstrap-html-admin-template/html/vertical-menu-template/app-chat.html"
            },
            {
                "text": "Calendar",
                "icon": "bx bx-calendar",
                "available": false,
                "link": "https://demos.themeselection.com/sneat-bootstrap-html-admin-template/html/vertical-menu-template/app-calendar.html"
            },
            {
                "text": "Kanban",
                "icon": "bx bx-grid",
                "available": false,
                "link": "https://demos.themeselection.com/sneat-bootstrap-html-admin-template/html/vertical-menu-template/app-kanban.html"
            },
            {
                "text": "Account Setting",
                "icon": "bx bx-dock-top",
                "available": true,
                "link": "",
                "submenu": [
                    {
                        "text": "Account",
                        "available": true,
                        "link": "/account/settings"
                    },
                    {
                        "text": "Notification",
                        "available": true,
                        "link": "/account/notifications"
                    },
                    {
                        "text": "Connetctions",
                        "available": true,
                        "link": "/account/connections"
                    }
                ]
            },
            {
                "text": "Authentication",
                "icon": "bx bx-lock-open-alt",
                "available": true,
                "link": "",
                "submenu": [
                    {
                        "text": "Login",
                        "available": true,
                        "link": "/auth/login"
                    },
                    {
                        "text": "Register",
                        "available": true,
                        "link": "/auth/register"
                    },
                    {
                        "text": "Forgot Password",
                        "available": true,
                        "link": "/auth/forgot-password"
                    }
                ]
            },
            {
                "text": "Misc",
                "icon": "bx bx-cube-alt",
                "available": true,
                "link": "",
                "submenu": [
                    {
                        "text": "Error",
                        "available": true,
                        "link": "/misc/error"
                    },
                    {
                        "text": "Under Maintenance",
                        "available": true,
                        "link": "/misc/under-maintenance"
                    }
                ]
            }
        ]
    },
    {
        "header": "Components",
        "items": [
            {
                "text": "User interface",
                "icon": "bx bx-box",
                "available": true,
                "link": "",
                "submenu": [
                    {
                        "text": "Accordion",
                        "available": true,
                        "link": "/ui/accordion"
                    },
                    {
                        "text": "Alerts",
                        "available": true,
                        "link": "/ui/alerts"
                    },
                    {
                        "text": "Badges",
                        "available": true,
                        "link": "/ui/badges"
                    },
                    {
                        "text": "Buttons",
                        "available": true,
                        "link": "/ui/buttons"
                    },
                    {
                        "text": "Cards",
                        "available": true,
                        "link": "/ui/cards"
                    },
                    {
                        "text": "Carrousel",
                        "available": true,
                        "link": "/ui/carousel"
                    },
                    {
                        "text": "Collapse",
                        "available": true,
                        "link": "/ui/collapse"
                    },
                    {
                        "text": "Dropdown",
                        "available": true,
                        "link": "/ui/dropdown"
                    },
                    {
                        "text": "List Group",
                        "available": true,
                        "link": "/ui/list-group"
                    },
                    {
                        "text": "Modals",
                        "available": true,
                        "link": "/ui/modals"
                    },
                    {
                        "text": "Navbar",
                        "available": true,
                        "link": "/ui/navbar"
                    },
                    {
                        "text": "Pagination & Breadcrumbs",
                        "available": true,
                        "link": "/ui/pagination-breadcrumbs"
                    },
                    {
                        "text": "Progress",
                        "available": true,
                        "link": "/ui/progress"
                    },
                    {
                        "text": "Spinners",
                        "available": true,
                        "link": "/ui/spinners"
                    },
                    {
                        "text": "Tabs & Pills",
                        "available": true,
                        "link": "/ui/tabs-pills"
                    },
                    {
                        "text": "Toasts",
                        "available": true,
                        "link": "/ui/toasts"
                    },
                    {
                        "text": "Tooltips & popovers",
                        "available": true,
                        "link": "/ui/tooltips-popovers"
                    },
                    {
                        "text": "Typography",
                        "available": true,
                        "link": "/ui/typography"
                    }
                ]
            },
            {
                "text": "Extended UI",
                "icon": "bx bx-copy",
                "available": true,
                "link": "/extended-ui",
                "submenu": [
                    {
                        "text": "Perfect Scrollbar",
                        "available": true,
                        "link": "/extended-ui/perfect-scrollbar"
                    },
                    {
                        "text": "Text Divider",
                        "available": true,
                        "link": "/extended-ui/text-divider"
                    }
                ]
            },
            {
                "text": "Boxicons",
                "icon": "bx bx-table",
                "available": true,
                "link": "/boxicons"
            }
        ]
    },
    {
        "header": "FORMS & TABLES",
        "items": [
            {
                "text": "Form Elements",
                "icon": "bx bx-detail",
                "available": true,
                "link": "",
                "submenu": [
                    {
                        "text": "Basic Input",
                        "available": true,
                        "link": "/form/basic-inputs"
                    },
                    {
                        "text": "Input Groups",
                        "available": true,
                        "link": "/form/input-groups"
                    }
                ]
            },
            {
                "text": "Form Layout",
                "icon": "bx bx-detail",
                "available": true,
                "link": "",
                "submenu": [
                    {
                        "text": "Vertical Form",
                        "available": true,
                        "link": "/form-layout/vertical-form"
                    },
                    {
                        "text": "Horizontal Form",
                        "available": true,
                        "link": "/form-layout/horizontal-form"
                    }
                ]
            },
            {
                "text": "Validation",
                "icon": "bx bx-list-check",
                "available": false,
                "link": "https://demos.themeselection.com/sneat-bootstrap-html-admin-template/html/vertical-menu-template/form-validation.html"
            },
            {
                "text": "Tables",
                "icon": "bx bx-table",
                "available": true,
                "link": "/tables"
            },
            {
                "text": "Datatablse",
                "icon": "bx bx-grid",
                "available": false,
                "link": "https://demos.themeselection.com/sneat-bootstrap-html-admin-template/html/vertical-menu-template/tables-datatables-basic.html"
            }
        ]
    },
    {
        "header": "MISC",
        "items": [
            {
                "text": "Support Sneat",
                "icon": "bx bx-support",
                "available": true,
                "link": "https://github.com/themeselection/sneat-html-admin-template-free/issues"
            },
            {
                "text": "Support Engineer",
                "icon": "bx bx-support",
                "available": true,
                "link": "https://github.com/11Dwiwijaya/react-sneat-bootstrap-admin-template/issues"
            },
            {
                "text": "Documentation",
                "icon": "bx bx-file",
                "available": true,
                "link": "https://demos.themeselection.com/sneat-bootstrap-html-admin-template/documentation/"
            }
        ]
    }
]